,ID,keyword,weight
0,1,會員制,0.9962306252416666
1,1,年費,0.9962306252416666
2,1,非收不可,0.9962306252416666
3,1,還不給,0.9962306252416666
4,1,退訂,0.9962306252416666
0,2,拉機,2.988691875725
1,2,顆星,2.988691875725
2,2,嫌多,2.92586326865
3,2,平台,1.5610851213875
0,3,餐點,0.6291982896263157
1,3,遺漏,0.6291982896263157
2,3,人員,0.6291982896263157
3,3,表現,0.6291982896263157
4,3,不會,0.6291982896263157
0,4,訂閱,1.1385492859904762
1,4,扣款,1.0955030837333333
2,4,還是,0.5692746429952381
3,4,收外,0.5692746429952381
4,4,送費,0.5692746429952381
0,5,東西,0.5197725001260869
1,5,他們,0.34651500008405794
2,5,還有,0.34651500008405794
3,5,那個,0.34651500008405794
4,5,問題,0.34651500008405794
0,6,訂閱,2.39095350058
1,6,pro,0.597738375145
2,6,問題,0.597738375145
3,6,兩次,0.597738375145
4,6,失敗,0.597738375145
0,7,越來越,0.74717296893125
1,7,做餐,0.74717296893125
2,7,15,0.74717296893125
3,7,分鐘,0.74717296893125
4,7,送餐,0.74717296893125
0,8,處理,0.9195975002230768
1,8,沒有,0.9195975002230768
2,8,紀錄,0.9195975002230768
3,8,重複,0.4597987501115384
4,8,寫信,0.4597987501115384
0,9,經常,1.7078239289857142
1,9,訂單,1.7078239289857142
2,9,沒有,1.7078239289857142
3,9,外送員,1.7078239289857142
4,9,取消,0.9341860318571429
0,10,再訂,2.1735940914363634
1,10,熊貓,2.1735940914363634
2,10,越來越,1.0867970457181817
3,10,Uber,1.0867970457181817
4,10,Eats,1.0867970457181817
0,11,幾天,0.5433985228590908
1,11,熊貓,0.5433985228590908
2,11,反應,0.5433985228590908
3,11,訂單,0.5433985228590908
4,11,問題,0.5433985228590908
0,12,東西,3.9849225009666664
1,12,價位,3.9849225009666664
2,12,拉太高,3.9849225009666664
0,13,刪除,1.7078239289857142
1,13,價位,1.7078239289857142
2,13,拉太高,1.7078239289857142
3,13,麥當勞,1.7078239289857142
4,13,歡樂,1.7078239289857142
0,14,訂閱,0.7969845001933333
1,14,pandapro,0.7969845001933333
2,14,重複,0.7969845001933333
3,14,訂購,0.7969845001933333
4,14,餐點,0.7969845001933333
0,15,下定決心,3.9849225009666664
1,15,熊貓,3.9849225009666664
2,15,告別,3.9849225009666664
0,16,手機號碼,4.78190700116
1,16,登陸,4.78190700116
2,16,顯示,2.39095350058
0,17,平台,6.24434048555
0,18,訂閱,1.7078239289857142
1,18,會員,1.7078239289857142
2,18,失敗,1.7078239289857142
3,18,遭後台,1.7078239289857142
4,18,工程師,1.7078239289857142
0,19,開始,2.988691875725
1,19,有夠,2.988691875725
2,19,韭菜,2.2782964772975
3,19,垃圾,1.997470251985
0,20,差勁,3.9849225009666664
1,20,外送員,3.9849225009666664
2,20,拒絕往來,3.9849225009666664
0,21,破幹,5.97738375145
1,21,公司,1.75173497179
0,22,連續,0.597738375145
1,22,兩天,0.597738375145
2,22,點餐,0.597738375145
3,22,多爛,0.597738375145
4,22,pro,0.597738375145
0,23,重複,2.39095350058
1,23,處理,2.39095350058
2,23,扣款,2.3005564758399997
3,23,敷衍,1.755342734514
4,23,客服,1.733913807024
0,24,單方面,1.0867970457181817
1,24,更動,1.0867970457181817
2,24,合約,1.0867970457181817
3,24,還好,1.0867970457181817
4,24,馬上,1.0867970457181817
0,25,刪除,0.6766849529943396
1,25,熊貓,0.4511233019962264
2,25,等到,0.250176192969434
3,25,平台,0.23563549002075473
4,25,2022,0.2255616509981132
0,26,時間,0.7969845001933333
1,26,時段,0.7969845001933333
2,26,接單,0.7969845001933333
3,26,餐點,0.39849225009666667
4,26,到達,0.39849225009666667
0,27,詳細,1.7078239289857142
1,27,無法,1.7078239289857142
2,27,正確,1.7078239289857142
3,27,編輯,1.7078239289857142
4,27,十次,1.4907059641714286
0,28,餐點,1.0867970457181817
1,28,評價,1.0867970457181817
2,28,無法,1.0867970457181817
3,28,呈現,1.0867970457181817
4,28,亂碼,1.0867970457181817
0,29,發票,1.4943459378625
1,29,載具,0.9962306252416666
2,29,系統,0.9962306252416666
3,29,一顆,0.4981153126208333
4,29,沒有,0.4981153126208333
0,30,已付,1.9924612504833332
1,30,月費,1.9924612504833332
2,30,什麼,1.9924612504833332
3,30,還要,1.9924612504833332
4,30,平台,1.0407234142583335
0,31,介面,0.7337516928555555
1,31,運費,0.6641537501611111
2,31,被扣,0.5780094494722222
3,31,訂閱,0.33207687508055556
4,31,已經,0.33207687508055556
0,32,什麼,0.6766849529943396
1,32,地址,0.5790314451607548
2,32,備註,0.4511233019962264
3,32,還怪,0.4511233019962264
4,32,餐點,0.4511233019962264
0,33,無法,5.97738375145
1,33,品價,5.97738375145
0,34,點個,2.39095350058
1,34,兩個,2.39095350058
2,34,小時,2.39095350058
3,34,田裡,2.39095350058
4,34,是不是,1.170761628204
0,35,移除,1.5364049674375
1,35,聽說,1.4943459378625
2,35,加錢,1.4943459378625
3,35,剝削,1.4943459378625
4,35,那先,1.4943459378625
0,36,開始,0.9962306252416666
1,36,訂閱,0.9962306252416666
2,36,Pro,0.9962306252416666
3,36,會員,0.9962306252416666
4,36,也還,0.9962306252416666
0,37,外賣,1.7078239289857142
1,37,時間,1.7078239289857142
2,37,有夠,1.7078239289857142
3,37,一個,1.7078239289857142
4,37,訂單,1.7078239289857142
0,38,外送費,0.9195975002230768
1,38,200,0.9195975002230768
2,38,90,0.9195975002230768
3,38,這樣,0.9195975002230768
4,38,順利,0.9195975002230768
0,39,地標,1.9924612504833332
1,39,導致,1.9924612504833332
2,39,外送員,1.9924612504833332
3,39,好久,1.41633337835
4,39,不好,0.9451944221683334
0,40,平台,0.5352291844757143
1,40,難看,0.34156478579714283
2,40,年費,0.34156478579714283
3,40,雖然,0.34156478579714283
4,40,那麼,0.34156478579714283
0,41,生鮮,1.19547675029
1,41,雜貨,1.19547675029
2,41,開放,1.19547675029
3,41,貨到付款,1.19547675029
4,41,很爛,1.19547675029
0,42,不要臉,2.988691875725
1,42,加收,2.579289678375
2,42,每次,1.655512177415
3,42,平台,1.5610851213875
0,43,App,0.9962306252416666
1,43,空間,0.9962306252416666
2,43,餐廳,0.9962306252416666
3,43,超差,0.9962306252416666
4,43,輸入,0.9962306252416666
0,44,so,0.74717296893125
1,44,user,0.74717296893125
2,44,friendly,0.74717296893125
3,44,non,0.74717296893125
4,44,speaking,0.74717296893125
0,45,現場,0.9962306252416666
1,45,100,0.9962306252416666
2,45,外送,0.9962306252416666
3,45,140,0.9962306252416666
4,45,餐廳,0.9962306252416666
0,46,送錯,0.9195975002230768
1,46,餐點,0.9195975002230768
2,46,反應,0.9195975002230768
3,46,沒有,0.9195975002230768
4,46,即時,0.9195975002230768
0,47,外送,2.988691875725
1,47,人員,2.988691875725
2,47,挑選,2.988691875725
3,47,需要,1.086120160875
0,48,你們,1.0867970457181817
1,48,沒有,0.7245313638121211
2,48,系統,0.7245313638121211
3,48,怎麼,0.36226568190606057
4,48,資訊,0.36226568190606057
0,49,增加,1.7148745453424998
1,49,訂單,1.4943459378625
2,49,利潤,1.4943459378625
3,49,額外,1.4943459378625
4,49,費用,1.4943459378625
0,50,會員,1.7078239289857142
1,50,然後,1.7078239289857142
2,50,下訂,1.7078239289857142
3,50,還要,1.7078239289857142
4,50,不合理,1.1029515711885713
0,51,另付,2.0857305484833333
1,51,什麼,1.9924612504833332
2,51,付費,1.9924612504833332
3,51,會員,1.9924612504833332
4,51,還要,1.9924612504833332
0,52,訂閱,2.988691875725
1,52,還要,2.988691875725
2,52,額外收費,2.988691875725
3,52,怎樣,2.988691875725
0,53,買家,2.988691875725
1,53,30,2.988691875725
2,53,單免,2.988691875725
3,53,不是,0.947452535825
0,54,兩個,2.39095350058
1,54,小時,2.39095350058
2,54,沒事,2.39095350058
3,54,退款,2.01880303244
4,54,取消,1.3078604446
0,55,app,1.0867970457181817
1,55,系統,1.0867970457181817
2,55,穩定,1.0867970457181817
3,55,當機,1.0867970457181817
4,55,重複,1.0867970457181817
0,56,素質,1.5593175003782607
1,56,外送員,0.5197725001260869
2,56,社會,0.5197725001260869
3,56,新聞,0.5197725001260869
4,56,熊貓,0.5197725001260869
0,57,麥當勞,1.0867970457181817
1,57,結果,1.0867970457181817
2,57,小時,1.0867970457181817
3,57,還有,1.0867970457181817
4,57,我們,1.0867970457181817
0,58,當天,2.988691875725
1,58,漲價,1.4943459378625
2,58,優良,1.4943459378625
3,58,企業,1.4943459378625
4,58,加收,1.2896448391875
0,59,解決,0.9195975002230768
1,59,問題,0.9195975002230768
2,59,運費,0.9195975002230768
3,59,有點,0.9195975002230768
4,59,太貴,0.9195975002230768
0,60,優惠券,0.74717296893125
1,60,外送,0.74717296893125
2,60,金額,0.74717296893125
3,60,加價,0.74717296893125
4,60,外送費,0.74717296893125
0,61,年費,0.4511233019962264
1,61,感覺,0.4511233019962264
2,61,沒有,0.4511233019962264
3,61,這個,0.4511233019962264
4,61,品質,0.4511233019962264
0,62,預估,2.1735940914363634
1,62,時間,2.1735940914363634
2,62,不準,1.0867970457181817
3,62,超過,1.0867970457181817
4,62,往後,1.0867970457181817
0,63,結果,1.19547675029
1,63,還是,1.19547675029
2,63,付掉,0.6950338826
3,63,刷掉,0.625719164545
4,63,訂閱,0.597738375145
0,64,約定,0.74717296893125
1,64,年費,0.74717296893125
2,64,毫無,0.74717296893125
3,64,誠信,0.74717296893125
4,64,怎麼,0.74717296893125
0,65,後來,0.6831295715942857
1,65,結果,0.6831295715942857
2,65,問題,0.6831295715942857
3,65,10,0.34156478579714283
4,65,點多,0.34156478579714283
0,66,會員,0.6831295715942857
1,66,店家,0.5507427299959999
2,66,平台,0.3568194563171429
3,66,已經,0.34156478579714283
4,66,還收,0.34156478579714283
0,67,抽成,0.931455244823077
1,67,營利,0.9195975002230768
2,67,來源,0.9195975002230768
3,67,外送員,0.9195975002230768
4,67,費的,0.9195975002230768
0,68,還要,1.3283075003222222
1,68,苛扣,0.6641537501611111
2,68,外送員,0.6641537501611111
3,68,分紅,0.6641537501611111
4,68,導致,0.6641537501611111
0,69,外送員,2.5617358934785712
1,69,已經,0.8539119644928571
2,69,兩次,0.8539119644928571
3,69,連繫,0.8539119644928571
4,69,請問,0.8539119644928571
0,70,系統,1.2583965792526315
1,70,顯示,0.6291982896263157
2,70,發生,0.6291982896263157
3,70,錯誤,0.6291982896263157
4,70,寫信,0.6291982896263157
0,71,請問,2.39095350058
1,71,生鮮,2.39095350058
2,71,雜貨,2.39095350058
3,71,付現,2.39095350058
4,71,改成,1.698701176104
0,72,夠夠,2.988691875725
1,72,無良,2.988691875725
2,72,企業,2.988691875725
3,72,真的,1.4084355760925
0,73,差勁,5.97738375145
1,73,非常,2.45164150317
0,74,本來,1.9924612504833332
1,74,沒用,1.9924612504833332
2,74,Uber,1.9924612504833332
3,74,eat,1.9924612504833332
4,74,改變,1.9924612504833332
0,75,消費者,1.8391950004461537
1,75,改去,1.0159638824153847
2,75,優惠,0.9195975002230768
3,75,什麼,0.9195975002230768
4,75,選擇,0.9195975002230768
0,76,然後,0.4657701624506493
1,76,店家,0.37550640681545455
2,76,信用卡,0.323320473938961
3,76,刪除,0.3105134416337662
4,76,聯繫,0.3105134416337662
0,77,什麼,1.3283075003222222
1,77,續訂,1.3283075003222222
2,77,收費,0.6641537501611111
3,77,外送,0.6641537501611111
4,77,人員,0.6641537501611111
0,78,會員,0.7969845001933333
1,78,平台,0.6244340485550001
2,78,妳是,0.46335592173333334
3,78,敢收,0.41714610969666666
4,78,外送員,0.39849225009666667
0,79,這麼,2.24151890679375
1,79,還是,1.4943459378625
2,79,負評,0.74717296893125
3,79,廣告,0.74717296893125
4,79,售後服務,0.74717296893125
0,80,費是,1.7078239289857142
1,80,怎樣,1.7078239289857142
2,80,當綁,1.7078239289857142
3,80,加收,1.4738798162142857
4,80,白痴,1.3962204667042857
0,81,pro,1.9924612504833332
1,81,什麼,0.9962306252416666
2,81,人都當,0.9962306252416666
3,81,有夠,0.9962306252416666
4,81,誠信,0.9962306252416666
0,82,系統,1.0486638160438595
1,82,點餐,0.8389310528350876
2,82,錯誤,0.6291982896263157
3,82,之後,0.4194655264175438
4,82,手機,0.4194655264175438
0,83,現在,1.4943459378625
1,83,一個,1.4943459378625
2,83,費我,1.4943459378625
3,83,會員,1.4943459378625
4,83,白買,1.4943459378625
0,84,訂閱,2.39095350058
1,84,現在,2.39095350058
2,84,才給,2.39095350058
3,84,平台,1.2488680971100001
4,84,一年,1.05924129049
0,85,訂閱,1.1569129841516128
1,85,pro,0.38563766138387096
2,85,還要,0.38563766138387096
3,85,外送費,0.38563766138387096
4,85,反應,0.38563766138387096
0,86,強迫,1.0395450002521738
1,86,什麼,1.0395450002521738
2,86,不會,1.0395450002521738
3,86,平台,0.542986129178261
4,86,點滿,0.5197725001260869
0,87,foodpanda,2.988691875725
1,87,推薦,2.988691875725
2,87,方便,1.5751939231925
3,87,快速,1.4392174188
0,88,後悔,1.4943459378625
1,88,付費,1.4943459378625
2,88,會員,1.4943459378625
3,88,建議,1.4943459378625
4,88,Ubereat,1.4943459378625
0,89,什麼,1.5939690003866667
1,89,平台,0.8325787314066667
2,89,抽成,0.80726121218
3,89,費是,0.7969845001933333
4,89,東西,0.7969845001933333
0,90,時常,1.0867970457181817
1,90,發現,1.0867970457181817
2,90,Bug,1.0867970457181817
3,90,菜單,1.0867970457181817
4,90,用戶,1.0867970457181817
0,91,費了,1.9924612504833332
1,91,沒錢買,1.9924612504833332
2,91,給你,1.9924612504833332
3,91,抱歉,1.4896388369533333
4,91,星星,1.3843277120616666
0,92,社會,5.97738375145
1,92,亂象,5.97738375145
0,93,鎖區,2.39095350058
1,93,給訂,2.39095350058
2,93,訂餐,2.39095350058
3,93,運氣,2.39095350058
4,93,常常,1.214368624878
0,94,加收,0.5731754840833333
1,94,憑空,0.33207687508055556
2,94,詐騙,0.33207687508055556
3,94,已經,0.33207687508055556
4,94,訂閱,0.33207687508055556
0,95,熊貓,0.7969845001933333
1,95,都還沒,0.7969845001933333
2,95,一個,0.7969845001933333
3,95,小時,0.7969845001933333
4,95,什麼,0.7969845001933333
0,96,難用,1.9924612504833332
1,96,app,1.9924612504833332
2,96,系統,1.9924612504833332
3,96,服務,1.9924612504833332
4,96,差勁,1.9924612504833332
0,97,訂閱,0.6130650001487179
1,97,會員,0.6130650001487179
2,97,平臺,0.6130650001487179
3,97,已經,0.30653250007435895
4,97,沒有,0.30653250007435895
0,98,太兇了,11.9547675029
0,99,會員,1.4943459378625
1,99,訂閱,0.74717296893125
2,99,期間,0.74717296893125
3,99,合約,0.74717296893125
4,99,額外,0.74717296893125
0,100,怎麼,2.39095350058
1,100,好意思,1.898791680942
2,100,到底,1.16052857916
3,100,根本,1.10602600818
4,100,不能,0.7980329668999999
0,101,現在,0.7969845001933333
1,101,餐廳,0.7969845001933333
2,101,外送員,0.7969845001933333
3,101,一個,0.39849225009666667
4,101,小時,0.39849225009666667
0,102,訂閱,1.19547675029
1,102,會員,1.19547675029
2,102,還要,1.19547675029
3,102,外送,1.19547675029
4,102,費用,1.19547675029
0,103,費用,0.6641537501611111
1,103,針對,0.6641537501611111
2,103,繳了,0.33207687508055556
3,103,年費,0.33207687508055556
4,103,現在,0.33207687508055556
0,104,App,1.4943459378625
1,104,各種,1.4943459378625
2,104,問題,1.4943459378625
3,104,反應,1.4943459378625
4,104,改進,1.4943459378625
0,105,水準,3.9849225009666664
1,105,退訂,3.9849225009666664
2,105,囉唆,3.9849225009666664
0,106,一個,1.1385492859904762
1,106,東西,0.5692746429952381
2,106,變成,0.5692746429952381
3,106,餐要,0.5692746429952381
4,106,超過,0.5692746429952381
0,107,訂閱,0.7969845001933333
1,107,會員,0.7969845001933333
2,107,條款,0.7969845001933333
3,107,寫明,0.7969845001933333
4,107,調價,0.7969845001933333
0,108,一顆,3.9849225009666664
1,108,還我,3.9849225009666664
2,108,年費,3.9849225009666664
0,109,平台,3.122170242775
1,109,突然,2.498567108155
0,110,平台,0.9606677670076924
1,110,已經,0.9195975002230768
2,110,付費,0.9195975002230768
3,110,訂閱,0.9195975002230768
4,110,pro,0.9195975002230768
0,111,他會,0.6641537501611111
1,111,隨時,0.6641537501611111
2,111,隨意,0.6641537501611111
3,111,收費,0.6641537501611111
4,111,成員,0.6641537501611111
0,112,以上,4.5452850083
0,113,後悔,1.0867970457181817
1,113,訂閱,1.0867970457181817
2,113,馬上,1.0867970457181817
3,113,退訂,1.0867970457181817
4,113,隨你出,1.0867970457181817
0,114,生命,2.045036190293333
1,114,時間,1.9924612504833332
2,114,一直,1.5188353107900001
3,114,等到,1.1049448522816667
0,115,優惠券,5.97738375145
1,115,不見,5.97738375145
0,116,折扣,4.24675294026
1,116,很少,3.10748729537
0,117,優惠卷,2.39095350058
1,117,進來,2.39095350058
2,117,不讓,2.39095350058
3,117,客服,1.733913807024
4,117,不理,1.5754460118020002
0,118,沒有,1.3283075003222222
1,118,外送,1.3283075003222222
2,118,人員,1.3283075003222222
3,118,態度,1.3283075003222222
4,118,很差,1.040897573202222
0,119,說好,0.6641537501611111
1,119,pro,0.6641537501611111
2,119,期間,0.6641537501611111
3,119,不會,0.6641537501611111
4,119,其他費用,0.6641537501611111
0,120,年費,1.4943459378625
1,120,情願,1.4943459378625
2,120,ubereats,1.4943459378625
3,120,平台,0.78054256069375
4,120,推出,0.71037115564125
0,121,年費,1.120759453396875
1,121,訂閱,0.373586484465625
2,121,免運,0.373586484465625
3,121,結果,0.373586484465625
4,121,神來,0.373586484465625
0,122,什麼,5.97738375145
1,122,平台,3.122170242775
0,123,Pro,0.6497156251576086
1,123,你們,0.38982937509456517
2,123,客戶,0.38982937509456517
3,123,當成,0.25988625006304344
4,123,盤子,0.25988625006304344
0,124,低級,11.9547675029
0,125,客服,0.6935655228096
1,125,沒有,0.47819070011599996
2,125,線上,0.47819070011599996
3,125,覺得,0.47819070011599996
4,125,回覆,0.440412235764
0,126,買一送一,0.4269559822464286
1,126,她媽,0.4269559822464286
2,126,客服,0.30962746554
3,126,脆片,0.28463732149761906
4,126,人氣,0.28463732149761906
0,127,一樣,11.9547675029
0,128,真的,5.63374230437
0,129,罐頭,0.8855383335481481
1,129,訊息,0.8855383335481481
2,129,問題,0.4427691667740741
3,129,不鳥,0.4427691667740741
4,129,結果,0.4427691667740741
0,130,強收,3.9849225009666664
1,130,難看,3.9849225009666664
2,130,平台,2.081446828516667
0,131,被騙,2.988691875725
1,131,179,0.9962306252416666
2,131,無限,0.9962306252416666
3,131,免費,0.9962306252416666
4,131,外送,0.9962306252416666
0,132,重複,1.3283075003222222
1,132,唬爛,1.3283075003222222
2,132,拖台,1.3283075003222222
3,132,熊貓,1.3283075003222222
4,132,扣款,1.278086931022222
0,133,月費,1.5939690003866667
1,133,平台,0.8325787314066667
2,133,費是,0.7969845001933333
3,133,哪招,0.7969845001933333
4,133,現在,0.7969845001933333
0,134,問題,1.7078239289857142
1,134,回報,1.7078239289857142
2,134,逃避責任,1.7078239289857142
3,134,客服,1.2385098621600001
4,134,垃圾,1.141411572562857
0,135,服務,0.8539119644928571
1,135,沒什麼,0.8539119644928571
2,135,問題,0.8539119644928571
3,135,送餐,0.8539119644928571
4,135,人員,0.8539119644928571
0,137,優秀,2.988691875725
1,137,太好,2.4094994437325
2,137,生意,1.7581758107525
3,137,真的,1.4084355760925
0,138,期內,3.9849225009666664
1,138,新策略,3.8342607930666666
2,138,直接,1.6130231112666669
0,139,時間,0.74717296893125
1,139,預估,0.4981153126208333
2,139,分鐘,0.4981153126208333
3,139,不能取消,0.26670969506875003
4,139,再延,0.25226912880625
0,140,還要,1.19547675029
1,140,一個多,0.597738375145
2,140,小時,0.597738375145
3,140,親自,0.597738375145
4,140,餐點,0.597738375145
0,141,付年費,2.988691875725
1,141,pro,2.988691875725
2,141,會員,2.988691875725
3,141,韭菜,2.2782964772975
0,142,訂閱,1.4943459378625
1,142,還要,1.4943459378625
2,142,相真,1.4943459378625
3,142,難看,1.4943459378625
4,142,退訂,1.4943459378625
0,143,才剛,0.47819070011599996
1,143,訂閱,0.47819070011599996
2,143,pro,0.47819070011599996
3,143,結果,0.47819070011599996
4,143,幾天,0.47819070011599996
0,144,餐點,0.9962306252416666
1,144,狀況,0.9962306252416666
2,144,客訴,0.9962306252416666
3,144,這次,0.9962306252416666
4,144,..,0.9962306252416666
0,145,餐點,1.19547675029
1,145,品質,1.19547675029
2,145,評論,1.19547675029
3,145,反應,1.19547675029
4,145,店家,0.9637997774929999
0,146,投下去,0.5586927154318182
1,146,自從,0.5433985228590908
2,146,開始,0.5433985228590908
3,146,年費制,0.5433985228590908
4,146,出現,0.5433985228590908
0,147,用家裡,0.373586484465625
1,147,訂餐,0.373586484465625
2,147,卻是,0.373586484465625
3,147,還說,0.373586484465625
4,147,訂單,0.373586484465625
0,148,費用,1.4943459378625
1,148,應該,1.4943459378625
2,148,強加於,1.4943459378625
3,148,合約,1.4943459378625
4,148,期間,1.4943459378625
0,149,平台,0.8920486407928572
1,149,foodpanda,0.8539119644928571
2,149,會員,0.8539119644928571
3,149,沒有,0.8539119644928571
4,149,粉絲,0.8539119644928571
0,150,為何,1.7078239289857142
1,150,這樣,1.7078239289857142
2,150,4.7,1.7078239289857142
3,150,顆星,1.7078239289857142
4,150,不可思議,1.7078239289857142
0,152,外送費,1.0867970457181817
1,152,訂閱,1.0867970457181817
2,152,pro,1.0867970457181817
3,152,平臺,1.0867970457181817
4,152,夠夠,1.0867970457181817
0,153,訂閱,1.4943459378625
1,153,漲價,1.4943459378625
2,153,不給,1.4943459378625
3,153,退還,1.4943459378625
4,153,裝死,1.4943459378625
0,154,會員,5.97738375145
1,154,平台,3.122170242775
0,155,很常,0.7969845001933333
1,155,發生,0.7969845001933333
2,155,無法,0.7969845001933333
3,155,下單,0.7969845001933333
4,155,載入,0.7969845001933333
0,156,會員,1.5939690003866667
1,156,剛成,0.7969845001933333
2,156,年繳,0.7969845001933333
3,156,沒多久,0.7969845001933333
4,156,現在,0.7969845001933333
0,157,pro,2.988691875725
1,157,訂閱,2.988691875725
2,157,者當,2.988691875725
3,157,白痴,2.4433858167325
0,158,打開,1.4943459378625
1,158,紀錄,1.4943459378625
2,158,不見,1.4943459378625
3,158,直說,1.4943459378625
4,158,名稱,1.4943459378625
0,159,刪除,1.9924612504833332
1,159,APP,1.9924612504833332
2,159,帳號,1.9924612504833332
3,159,從此,1.9924612504833332
4,159,不再,0.9110718968966666
0,160,掰掰,2.3167796086666668
1,160,還沒,1.9924612504833332
2,160,續訂,1.9924612504833332
3,160,pro,1.9924612504833332
4,160,公告,0.9164451450616666
0,161,富邦,11.9547675029
0,163,前兩天,1.4943459378625
1,163,繳年費,1.4943459378625
2,163,漲價,1.4943459378625
3,163,各種,1.4943459378625
4,163,還不一星,1.4943459378625
0,164,續訂,1.9924612504833332
1,164,消費者,1.9924612504833332
2,164,傻子,1.3414125287
3,164,告知,1.2786944413966668
4,164,取消,1.0898837038333333
0,165,什麼,0.6641537501611111
1,165,費了,0.6641537501611111
2,165,這樣,0.6641537501611111
3,165,訂閱,0.6641537501611111
4,165,年費,0.6641537501611111
0,166,都關,1.19547675029
1,166,起來,1.19547675029
2,166,營業,1.19547675029
3,166,怎樣,1.19547675029
4,166,解決,1.19547675029
0,167,優惠卷,0.8539119644928571
1,167,越來越少,0.8539119644928571
2,167,越來越,0.8539119644928571
3,167,廣告,0.8539119644928571
4,167,還打,0.8539119644928571
0,168,抽成,1.7298454546714286
1,168,多收,1.4699656770428573
2,168,一下,1.3969360407485714
3,168,店家,1.37685682499
4,168,平台,0.8920486407928572
0,169,已經,0.7245313638121211
1,169,會員,0.7245313638121211
2,169,UBER,0.7245313638121211
3,169,付年費,0.36226568190606057
4,169,現在,0.36226568190606057
0,170,北北,1.3283075003222222
1,170,基桃,1.3283075003222222
2,170,這些,1.3283075003222222
3,170,活該,1.3283075003222222
4,170,什麼,1.3283075003222222
0,171,年費,11.9547675029
0,172,謝謝,11.9547675029
0,173,什麼,1.19547675029
1,173,別的,1.19547675029
2,173,加個,1.19547675029
3,173,費用,1.19547675029
4,173,名目,0.874162235276
0,174,漲價,0.74717296893125
1,174,然後,0.74717296893125
2,174,再說,0.74717296893125
3,174,比較,0.74717296893125
4,174,最後,0.74717296893125
0,175,退費,1.3283075003222222
1,175,繳了,0.6641537501611111
2,175,年費,0.6641537501611111
3,175,費用,0.6641537501611111
4,175,調整,0.6641537501611111
0,176,刪除,2.39095350058
1,176,foodpanda,2.39095350058
2,176,從今開始,2.39095350058
3,176,UberEats,2.39095350058
4,176,改用,1.6400468157180002
0,177,幹嘛,3.9849225009666664
1,177,平台,2.081446828516667
2,177,真的,1.8779141014566667
0,178,訂閱,0.9962306252416666
1,178,年費制,0.9962306252416666
2,178,熊貓,0.9962306252416666
3,178,起價,0.9962306252416666
4,178,公佈,0.9962306252416666
0,179,繳完,1.7078239289857142
1,179,年費,1.7078239289857142
2,179,退訂,1.7078239289857142
3,179,續約,1.7078239289857142
4,179,多收,1.4699656770428573
0,180,還是,3.9849225009666664
1,180,ubereat,3.9849225009666664
2,180,使用,1.5054333142633334
0,181,好貴,11.9547675029
0,182,訂餐,3.9849225009666664
1,182,閃退,3.9849225009666664
2,182,一半,2.0313270931500003
0,183,會員,1.4943459378625
1,183,剛買,0.74717296893125
2,183,年費,0.74717296893125
3,183,看過,0.74717296893125
4,183,漲價,0.74717296893125
0,184,漲價,2.39095350058
1,184,針對,2.39095350058
2,184,怎樣,2.39095350058
3,184,全台,2.28315420044
4,184,北部,1.178462416332
0,185,訂閱費,1.4943459378625
1,185,現在,1.4943459378625
2,185,費是,1.4943459378625
3,185,怎麼回事,1.4943459378625
4,185,夠爛,1.4943459378625
0,186,價錢,1.9924612504833332
1,186,原價,1.9924612504833332
2,186,的話,1.9924612504833332
3,186,更棒,1.9924612504833332
4,186,接近,0.9527404796466666
0,187,顯示,1.0395450002521738
1,187,圖購,0.5197725001260869
2,187,之後,0.5197725001260869
3,187,訂單,0.5197725001260869
4,187,品項,0.5197725001260869
0,188,祝你們,2.988691875725
1,188,趕快,2.988691875725
2,188,倒閉,2.988691875725
3,188,爛透,2.988691875725
0,189,退訂,5.97738375145
1,189,ubereats,5.97738375145
0,190,選擇,3.9849225009666664
1,190,不用,2.00299099755
2,190,可以,1.1683730840533333
0,191,餐點,1.2367000865068964
1,191,曾經,0.4122333621689655
2,191,熊貓,0.4122333621689655
3,191,老客戶,0.4122333621689655
4,191,訂購,0.4122333621689655
0,192,我們,3.9849225009666664
1,192,什麼,3.9849225009666664
2,192,平台,2.081446828516667
0,193,月費,1.7078239289857142
1,193,還要,1.7078239289857142
2,193,越來越,1.7078239289857142
3,193,坑錢,1.7078239289857142
4,193,多收,1.4699656770428573
0,194,續訂,0.7590328573269841
1,194,費用,0.5692746429952381
2,194,調整,0.5692746429952381
3,194,我們,0.37951642866349206
4,194,將於,0.37951642866349206
0,195,年費,0.7969845001933333
1,195,會員,0.7969845001933333
2,195,然後,0.7969845001933333
3,195,現在,0.7969845001933333
4,195,開始,0.7969845001933333
0,196,訂閱,1.9924612504833332
1,196,強迫,1.9924612504833332
2,196,額外,1.9924612504833332
3,196,費用,1.9924612504833332
4,196,取消,1.0898837038333333
0,197,什麼,5.97738375145
1,197,到底,2.9013214479
0,198,你們,1.3283075003222222
1,198,會員,1.3283075003222222
2,198,還好,1.3283075003222222
3,198,pro,1.3283075003222222
4,198,以後,1.3283075003222222
0,199,消費者,1.3793962503346153
1,199,突如其來,0.4597987501115384
2,199,使用費,0.4597987501115384
3,199,已經,0.4597987501115384
4,199,付月,0.4597987501115384
0,200,費用,3.9849225009666664
1,200,什麼,3.9849225009666664
2,200,平台,2.081446828516667
0,201,節省,1.19547675029
1,201,外送費,1.19547675029
2,201,選擇,1.19547675029
3,201,繳年,1.19547675029
4,201,費來,1.19547675029
0,202,pro,1.4943459378625
1,202,會員,1.4943459378625
2,202,買來,1.4943459378625
3,202,幹嘛,1.4943459378625
4,202,多收,1.2862199674125
0,203,無法,3.9849225009666664
1,203,聯絡,3.9849225009666664
2,203,客服,2.88985634504
0,204,噁心,5.97738375145
1,204,真得,5.1315457461
0,205,會員,2.39095350058
1,205,訂年費,1.19547675029
2,205,再收,1.19547675029
3,205,坑殺,1.19547675029
4,205,已經,1.19547675029
0,206,絕對,5.97738375145
1,206,一顆,5.97738375145
0,207,標題,11.9547675029
0,208,服務,2.39095350058
1,208,爛貴,2.39095350058
2,208,還多收,2.39095350058
3,208,就算,1.319501520148
4,208,平台,1.2488680971100001
0,209,App,0.8539119644928571
1,209,刪掉,0.8539119644928571
2,209,下載,0.8539119644928571
3,209,這個,0.8539119644928571
4,209,動作,0.8539119644928571
0,210,會員,1.2808679467392856
1,210,當初,0.42695598224642856
2,210,不會,0.42695598224642856
3,210,額外,0.42695598224642856
4,210,隱藏,0.42695598224642856
0,211,垃圾,7.98988100794
0,212,開始,0.597738375145
1,212,收費,0.597738375145
2,212,PRO,0.597738375145
3,212,不讓,0.597738375145
4,212,退費,0.597738375145
0,213,同樣,2.6566150006444444
1,213,東西,1.3283075003222222
2,213,foodpanda,1.3283075003222222
3,213,價錢,1.3283075003222222
4,213,Uber,1.3283075003222222
0,214,WTF,1.9924612504833332
1,214,收錢,1.9924612504833332
2,214,會員,1.9924612504833332
3,214,被當,1.9924612504833332
4,214,白癡,1.9924612504833332
0,215,貪婪,3.9849225009666664
1,215,混帳,3.9849225009666664
2,215,平台,2.081446828516667
0,216,培養,1.0867970457181817
1,216,壞脾氣,1.0867970457181817
2,216,適合,1.0867970457181817
3,216,這款,1.0867970457181817
4,216,遊戲,1.0867970457181817
0,217,客服,0.5938060982958905
1,217,遲到,0.4912918151876712
2,217,有時候,0.3275278767917808
3,217,聯絡,0.3275278767917808
4,217,服務,0.3275278767917808
0,218,費是,1.3283075003222222
1,218,什麼,1.3283075003222222
2,218,以後,1.3283075003222222
3,218,每個,1.3283075003222222
4,218,多一筆,1.3283075003222222
0,219,體諒,1.2583965792526315
1,219,客人,0.7034983389768421
2,219,年費,0.6291982896263157
3,219,請問,0.6291982896263157
4,219,買年費,0.6291982896263157
0,220,會員,3.5864302508699994
1,220,收錢,2.39095350058
2,220,還要,1.19547675029
3,220,不會,1.19547675029
4,220,價格,1.19547675029
0,221,年費,1.9924612504833332
1,221,過後,1.9924612504833332
2,221,拜拜,1.83505098235
3,221,不送,1.773763519
4,221,跳槽,1.6519489342350002
0,222,爛得,5.433985228590909
1,222,要死,3.736593201345454
2,222,要爛,1.0867970457181817
0,223,非常感謝,11.9547675029
0,224,訂閱,1.9924612504833332
1,224,機制,1.9924612504833332
2,224,加收,1.71952645225
3,224,不合理,1.2867768330533333
4,224,平台,1.0407234142583335
0,226,超爛,0.74717296893125
1,226,繳了,0.74717296893125
2,226,年費,0.74717296893125
3,226,開始,0.74717296893125
4,226,擺明,0.74717296893125
0,227,要收,1.0867970457181817
1,227,的話,1.0867970457181817
2,227,應該,1.0867970457181817
3,227,回歸,1.0867970457181817
4,227,市場價,1.0867970457181817
0,228,課長,3.9849225009666664
1,228,你們,3.9849225009666664
2,228,慢慢,2.0794032789266668
0,229,年繳,0.9195975002230768
1,229,馬上,0.9195975002230768
2,229,差勁,0.9195975002230768
3,229,號召,0.9195975002230768
4,229,親友,0.9195975002230768
0,230,營運,1.0867970457181817
1,230,已經,0.5433985228590908
2,230,35%,0.5433985228590908
3,230,還要,0.5433985228590908
4,230,訂閱,0.5433985228590908
0,231,這吃,1.0867970457181817
1,231,刪除,1.0867970457181817
2,231,收外,1.0867970457181817
3,231,送費,1.0867970457181817
4,231,我要,1.0867970457181817
0,232,酌收,0.37735801346857145
1,232,foodpanda,0.34156478579714283
2,232,對於,0.34156478579714283
3,232,計費,0.34156478579714283
4,232,項目,0.34156478579714283
0,233,漲價,1.5939690003866667
1,233,欺騙,0.7969845001933333
2,233,消費者,0.7969845001933333
3,233,APP,0.7969845001933333
4,233,一樣,0.7969845001933333
0,234,你們,1.2583965792526315
1,234,這招,0.6291982896263157
2,234,訂閱,0.6291982896263157
3,234,簡直,0.6291982896263157
4,234,難看,0.6291982896263157
0,235,小時,1.0395450002521738
1,235,這樣,1.0395450002521738
2,235,訂餐,0.5197725001260869
3,235,延遲,0.5197725001260869
4,235,中間,0.5197725001260869
0,236,覺得,1.2583965792526315
1,236,因為,0.6291982896263157
2,236,熊貓,0.6291982896263157
3,236,那個,0.6291982896263157
4,236,pro,0.6291982896263157
0,237,延點,1.19547675029
1,237,個餐,1.19547675029
2,237,一個多,1.19547675029
3,237,小時,1.19547675029
4,237,都還,1.19547675029
0,238,免運,1.9924612504833332
1,238,還有,1.9924612504833332
2,238,夠低,1.9924612504833332
3,238,請問,1.9924612504833332
4,238,變相漲價,1.9924612504833332
0,239,我們,1.1569129841516128
1,239,一個,0.5784564920758064
2,239,處理,0.5784564920758064
3,239,客服,0.559327034523871
4,239,外送,0.38563766138387096
0,240,厲害,1.7078239289857142
1,240,那麼,1.7078239289857142
2,240,收錢,1.7078239289857142
3,240,很會,1.7078239289857142
4,240,團退,1.7078239289857142
0,241,訂閱,1.1385492859904762
1,241,訂單,1.1385492859904762
2,241,費用,1.1385492859904762
3,241,加收,0.9825865441428571
4,241,年費,0.5692746429952381
0,242,Foodpanda,3.9849225009666664
1,242,難看,3.9849225009666664
2,242,真的,1.8779141014566667
0,243,PRO,0.6641537501611111
1,243,會員,0.6641537501611111
2,243,還要,0.6641537501611111
3,243,還是,0.6641537501611111
4,243,因為,0.6641537501611111
0,244,期間,1.3283075003222222
1,244,退訂,1.3283075003222222
2,244,退費,1.3283075003222222
3,244,還會,1.3283075003222222
4,244,隨便,1.3283075003222222
0,245,暫停營業,1.3283075003222222
1,245,點成,1.3283075003222222
2,245,沒什麼,1.3283075003222222
3,245,選擇,1.3283075003222222
4,245,怎麼回事,1.3283075003222222
0,246,app,1.0395450002521738
1,246,更新,0.57875966136
2,246,什麼,0.5197725001260869
3,246,選擇,0.5197725001260869
4,246,出現,0.5197725001260869
0,247,介面,1.650941308925
1,247,難用,1.4943459378625
2,247,我要,1.4943459378625
3,247,轉去,1.4943459378625
4,247,訂閱,1.4943459378625
0,248,雖然,0.25435675538085106
1,248,年訂,0.25435675538085106
2,248,解約,0.25435675538085106
3,248,熊貓,0.25435675538085106
4,248,訂會,0.25435675538085106
0,249,退費,2.988691875725
1,249,不爽,2.55927900145
2,249,一年,1.3240516131125
3,249,不能,0.997541208625
0,250,出來,5.97738375145
1,250,六顆,5.97738375145
0,251,每個,0.9962306252416666
1,251,會員費,0.9962306252416666
2,251,現在,0.9962306252416666
3,251,每筆,0.9962306252416666
4,251,月費,0.9962306252416666
0,252,會員,0.74717296893125
1,252,減免,0.74717296893125
2,252,運費,0.74717296893125
3,252,以後,0.74717296893125
4,252,起價,0.74717296893125
0,253,平台,0.41628936570333336
1,253,推廣,0.39849225009666667
2,253,訂閱,0.39849225009666667
3,253,年費,0.39849225009666667
4,253,之後,0.39849225009666667
0,254,加收,0.9825865441428571
1,254,誠信,0.5692746429952381
2,254,調閱,0.5692746429952381
3,254,年費,0.5692746429952381
4,254,結果,0.5692746429952381
0,255,會員,0.6462036488054054
1,255,費用,0.6462036488054054
2,255,建議,0.3231018244027027
3,255,ubereats,0.3231018244027027
4,255,這間,0.3231018244027027
0,256,什麼,0.8855383335481481
1,256,標題,0.4427691667740741
2,256,廣告,0.4427691667740741
3,256,先騙,0.4427691667740741
4,256,年費,0.4427691667740741
0,257,Uber,0.8539119644928571
1,257,eats,0.8539119644928571
2,257,處理,0.8539119644928571
3,257,那麼,0.8539119644928571
4,257,多錢,0.8539119644928571
0,258,沒有,1.7078239289857144
1,258,店家,1.37685682499
2,258,司機,1.1385492859904762
3,258,水準,0.5692746429952381
4,258,飆車,0.5692746429952381
0,259,會員,1.9924612504833332
1,259,已經,0.9962306252416666
2,259,pro,0.9962306252416666
3,259,還要,0.9962306252416666
4,259,我加,0.9962306252416666
0,260,費有,1.7078239289857142
1,260,業者,1.7078239289857142
2,260,外送員,1.7078239289857142
3,260,現在,1.7078239289857142
4,260,會員,1.7078239289857142
0,261,預警,2.39095350058
1,261,盤子,2.39095350058
2,261,多收,2.0579519478600004
3,261,使用者,1.8418659539499997
4,261,平台,1.2488680971100001
0,262,拒用,6.14561986975
1,262,變相漲價,5.97738375145
0,263,收費,11.9547675029
0,264,UBER,0.5313230001288889
1,264,運費,0.5313230001288889
2,264,你們,0.5313230001288889
3,264,平台,0.41628936570333336
4,264,本來,0.26566150006444444
0,265,說會,2.988691875725
1,265,提前,1.5844991013125
2,265,公告,1.3746677175925
3,265,不是,0.947452535825
0,266,繳了,2.988691875725
1,266,年費,2.988691875725
2,266,還要,2.988691875725
3,266,平台,1.5610851213875
0,267,超爛,11.9547675029
0,268,訂單,0.597738375145
1,268,問題,0.597738375145
2,268,預定,0.597738375145
3,268,暫時,0.597738375145
4,268,關閉,0.597738375145
0,269,12.35,2.988691875725
1,269,沒有,2.988691875725
2,269,外送,2.988691875725
3,269,可笑,2.0179330085925
0,271,千萬別,1.19547675029
1,271,被騙,1.19547675029
2,271,年費,1.19547675029
3,271,會員,1.19547675029
4,271,因為,1.19547675029
0,272,每單,0.5560356978093023
1,272,壓榨,0.5560356978093023
2,272,平台,0.29043444118837214
3,272,外送費,0.27801784890465114
4,272,70,0.27801784890465114
0,273,我連,1.9924612504833332
1,273,五塊,1.9924612504833332
2,273,不讓,1.9924612504833332
3,273,再見,1.9924612504833332
4,273,還有,1.9924612504833332
0,274,行駛,0.5831593903853658
1,274,外送,0.5831593903853658
2,274,路上,0.30650779699268293
3,274,縣道,0.2915796951926829
4,274,手機,0.2915796951926829
0,275,消費者,1.4943459378625
1,275,購買,1.4943459378625
2,275,pro,1.4943459378625
3,275,漲價,1.4943459378625
4,275,雖然,1.4943459378625
0,276,千萬,1.7078239289857142
1,276,會員,1.7078239289857142
2,276,訂閱,1.7078239289857142
3,276,還被,1.7078239289857142
4,276,額外收費,1.7078239289857142
0,277,賠償,0.9563814002319999
1,277,重點,0.47819070011599996
2,277,標題,0.47819070011599996
3,277,關於,0.47819070011599996
4,277,系統,0.47819070011599996
0,278,order,1.2808679467392856
1,278,will,0.8539119644928571
2,278,careful,0.42695598224642856
3,278,before,0.42695598224642856
4,278,making,0.42695598224642856
0,279,傑出,0.9962306252416666
1,279,pro,0.9962306252416666
2,279,會員,0.9962306252416666
3,279,從來沒,0.9962306252416666
4,279,看過,0.9962306252416666
0,280,這麼,0.7712753227677419
1,280,訂閱,0.7712753227677419
2,280,服務,0.7712753227677419
3,280,沒有,0.7712753227677419
4,280,制未下,0.38563766138387096
0,281,選項,1.9924612504833332
1,281,評分,0.9962306252416666
2,281,外送員,0.9962306252416666
3,281,有時候,0.9962306252416666
4,281,送餐,0.9962306252416666
0,282,誠信,1.9924612504833332
1,282,隨意,1.9924612504833332
2,282,會員費,1.9924612504833332
3,282,平台,1.0407234142583335
4,282,增加,0.7621664645966666
0,283,不給,2.988691875725
1,283,對不起,2.988691875725
2,283,一星,2.70240879965
3,283,自己,0.880759708385
0,284,繳了,2.39095350058
1,284,年費,2.39095350058
2,284,現在,2.39095350058
3,284,還要,2.39095350058
4,284,平台,1.2488680971100001
0,285,2022,0.34651500008405794
1,285,餐點,0.34651500008405794
2,285,沒有,0.34651500008405794
3,285,折價券,0.34651500008405794
4,285,補償,0.34651500008405794
0,286,爛死,3.9849225009666664
1,286,漲價,3.9849225009666664
2,286,整天,2.6016176965133333
0,287,客服,0.6668899257784615
1,287,App,0.4597987501115384
2,287,帳戶,0.4597987501115384
3,287,登入後,0.4597987501115384
4,287,pro,0.4597987501115384
0,288,漲價,5.97738375145
1,288,先刪,5.97738375145
0,289,漲價,1.0867970457181817
1,289,調漲,1.0867970457181817
2,289,服務,1.0867970457181817
3,289,你們,1.0867970457181817
4,289,髒話,1.0867970457181817
0,290,平台,1.7840972815857143
1,290,那麼,1.7078239289857142
2,290,難永有,1.7078239289857142
3,290,什麼,1.7078239289857142
4,290,臉來,1.7078239289857142
0,291,送餐,1.9924612504833332
1,291,超過,1.9924612504833332
2,291,時間,1.9924612504833332
3,291,訂單,1.9924612504833332
4,291,退款,1.6823358603666667
0,292,價格,2.988691875725
1,292,比店,2.988691875725
2,292,內貴,2.988691875725
3,292,大部分,1.3764130236325
0,293,每個,0.6291982896263157
1,293,餐點,0.6291982896263157
2,293,價格,0.6291982896263157
3,293,畢竟,0.6291982896263157
4,293,餐飲,0.6291982896263157
0,294,訂閱,0.5560356978093023
1,294,額外,0.5560356978093023
2,294,長期,0.5560356978093023
3,294,原本,0.47644913635534886
4,294,一封,0.35443171223348835
0,295,加收,1.4738798162142857
1,295,消費者,0.8539119644928571
2,295,花錢買,0.8539119644928571
3,295,會員,0.8539119644928571
4,295,現在,0.8539119644928571
0,296,退款,1.2016684716904762
1,296,帳戶,0.5692746429952381
2,296,請問,0.5692746429952381
3,296,你們,0.5692746429952381
4,296,一個月,0.5692746429952381
0,297,什麼,2.39095350058
1,297,墓園,2.39095350058
2,297,旗津,2.39095350058
3,297,不行,1.261864121056
4,297,可以,0.701023850432
0,298,外送員,2.988691875725
1,298,素質,2.988691875725
2,298,一點,2.988691875725
3,298,可不可以,2.540752008425
0,299,有開,1.19547675029
1,299,foodpanda,1.19547675029
2,299,顯示,1.19547675029
3,299,沒開,1.19547675029
4,299,暫時,1.19547675029
0,300,app,2.39095350058
1,300,store,1.19547675029
2,300,打開,1.19547675029
3,300,無法,1.19547675029
4,300,團購,1.19547675029
0,301,幾次,0.7969845001933333
1,301,處理,0.7969845001933333
2,301,客服,0.577971269008
3,301,從沒,0.39849225009666667
4,301,補償,0.39849225009666667
0,302,客服,0.5201741421072
1,302,沒有,0.47819070011599996
2,302,聯絡,0.47819070011599996
3,302,不會,0.47819070011599996
4,302,維修,0.47819070011599996
0,303,半小時,0.6462036488054054
1,303,熊貓,0.6462036488054054
2,303,沒有,0.6462036488054054
3,303,一樣,0.6462036488054054
4,303,地址,0.41471171072324325
0,304,顯示,1.0867970457181817
1,304,錯誤,1.0867970457181817
2,304,無法,1.0867970457181817
3,304,訂單,1.0867970457181817
4,304,刪掉,1.0867970457181817
0,305,分鐘,1.5939690003866667
1,305,延到,0.80726121218
2,305,原訂,0.7969845001933333
3,305,時間,0.7969845001933333
4,305,30,0.7969845001933333
0,306,客戶,0.9962306252416666
1,306,取消,0.5449418519166667
2,306,夢想家,0.4981153126208333
3,306,複合,0.4981153126208333
4,306,送貨員,0.4981153126208333
0,307,餐點,0.8747390855780487
1,307,外送員,0.8747390855780487
2,307,聯絡,0.5831593903853658
3,307,丟在,0.2915796951926829
4,307,公寓樓,0.2915796951926829
0,308,你們,2.39095350058
1,308,而已,1.344579047156
2,308,真的,1.126748460874
3,308,只有,0.8734624390560001
4,308,知道,0.794821708
0,309,備註,0.597738375145
1,309,開放,0.597738375145
2,309,餐點,0.597738375145
3,309,我們,0.597738375145
4,309,共食,0.597738375145
0,310,兩個,0.9962306252416666
1,310,地址,0.9590208310475001
2,310,同間,0.4981153126208333
3,310,兩次,0.4981153126208333
4,310,東西,0.4981153126208333
0,311,吐司,1.1006275392833333
1,311,東西,0.9962306252416666
2,311,貴到,0.9962306252416666
3,311,兩杯,0.9962306252416666
4,311,250,0.9962306252416666
0,312,東西,0.5023011555840335
1,312,外送員,0.5023011555840335
2,312,電聯,0.30138069335042017
3,312,確認,0.30138069335042017
4,312,你們,0.30138069335042017
0,313,永遠,2.39095350058
1,313,分鐘,2.39095350058
2,313,訂單,1.19547675029
3,313,30,1.19547675029
4,313,90,1.19547675029
0,314,人員,1.0867970457181817
1,314,外宿,0.6318489841818182
2,314,熊貓,0.5433985228590908
3,314,騷擾,0.5433985228590908
4,314,訊息,0.5433985228590908
0,315,直說,1.3283075003222222
1,315,手機號碼,1.3283075003222222
2,315,之後,1.3283075003222222
3,315,訂閱,1.3283075003222222
4,315,你們,1.3283075003222222
0,316,變成,1.0867970457181817
1,316,年費,0.5433985228590908
2,316,問題,0.5433985228590908
3,316,服從,0.5433985228590908
4,316,解決問題,0.5433985228590908
0,317,訂單,1.19547675029
1,317,30,0.8966075627174999
2,317,一個半,0.597738375145
3,317,小時,0.597738375145
4,317,預計,0.597738375145
0,318,一樣,2.988691875725
1,318,打字,2.6606452785
2,318,更新,1.66393402641
3,318,不能,0.997541208625
0,319,帳號,0.9195975002230768
1,319,訂餐,0.9195975002230768
2,319,結帳,0.9195975002230768
3,319,登出,0.8129594724461539
4,319,頁面,0.4597987501115384
0,320,一顆,3.4156478579714284
1,320,多餘,1.7078239289857142
2,320,不然,1.0397059040042858
3,320,最低,0.8913744670871429
4,320,只能,0.7561825989528571
0,321,太爛,5.97738375145
1,321,定位,3.47159014055
0,322,他們,0.703221617817647
1,322,運費,0.4219329706905882
2,322,收取,0.3592224519261176
3,322,還是,0.2812886471270588
4,322,優惠券,0.2812886471270588
0,323,訂個,1.0867970457181817
1,323,系統,1.0867970457181817
2,323,問題,1.0867970457181817
3,323,顯示,1.0867970457181817
4,323,錯誤,1.0867970457181817
0,324,價格,1.4943459378625
1,324,還是,1.4943459378625
2,324,覺得,1.4943459378625
3,324,出門,1.4943459378625
4,324,比較,1.4943459378625
0,325,無法,1.0867970457181817
1,325,pandapro,0.7245313638121211
2,325,享有,0.4229708768375757
3,325,登入,0.36226568190606057
4,325,偶爾,0.36226568190606057
0,326,這個,0.6291982896263157
1,326,外送員,0.6291982896263157
2,326,什麼,0.6291982896263157
3,326,這樣,0.6291982896263157
4,326,沒有,0.6291982896263157
0,327,儲存,0.8539119644928571
1,327,全數,0.8539119644928571
2,327,什麼,0.8539119644928571
3,327,問題,0.8539119644928571
4,327,後續,0.8539119644928571
0,328,送達,0.7969845001933333
1,328,時間,0.7969845001933333
2,328,永遠,0.7969845001933333
3,328,延遲,0.7969845001933333
4,328,餐點,0.7969845001933333
0,330,什麼,1.4943459378625
1,330,APP,1.4943459378625
2,330,打開,1.4943459378625
3,330,帳號,1.4943459378625
4,330,不見,1.4943459378625
0,331,優惠,3.9849225009666664
1,331,別人,3.9849225009666664
2,331,那麼,3.9849225009666664
0,332,覺得,2.39095350058
1,332,現在,2.39095350058
2,332,優惠,2.39095350058
3,332,幾乎,2.39095350058
4,332,沒有,2.39095350058
0,333,減速,0.597738375145
1,333,車子,0.597738375145
2,333,出來,0.597738375145
3,333,我車,0.597738375145
4,333,右轉,0.597738375145
0,334,訂閱,0.8855383335481481
1,334,這種,0.8855383335481481
2,334,折扣,0.6291485837422223
3,334,什麼,0.4427691667740741
4,334,設計,0.4427691667740741
0,335,很爛,1.3283075003222222
1,335,選擇,1.3283075003222222
2,335,發生,1.3283075003222222
3,335,錯誤,1.3283075003222222
4,335,付款,0.9806115374155555
0,336,現在,2.988691875725
1,336,購買,2.988691875725
2,336,東西,2.988691875725
3,336,不能,0.997541208625
0,337,刪除,2.39095350058
1,337,app,2.39095350058
2,337,失望,1.456387733692
3,337,令人,1.2602552637120001
4,337,十分,0.9726050775659999
0,338,上個月,0.8539119644928571
1,338,繳了,0.8539119644928571
2,338,年費,0.8539119644928571
3,338,什麼,0.8539119644928571
4,338,也點,0.8539119644928571
0,339,外送員,1.3283075003222222
1,339,棄單,1.3283075003222222
2,339,沒有,1.3283075003222222
3,339,轉單,1.3283075003222222
4,339,一個,1.3283075003222222
0,340,處理,0.7319245409938775
1,340,分類,0.48794969399591837
2,340,Uber,0.48794969399591837
3,340,2022,0.48794969399591837
4,340,還是,0.48794969399591837
0,341,止付,0.6318489841818182
1,341,會費,0.5433985228590908
2,341,重複,0.5433985228590908
3,341,死不承認,0.5433985228590908
4,341,堅持,0.5433985228590908
0,342,panda,1.19547675029
1,342,box,1.19547675029
2,342,頁面,1.19547675029
3,342,快點,1.19547675029
4,342,修復,1.19547675029
0,343,Uber,5.97738375145
1,343,很多,2.429141335425
0,344,辦法,1.3283075003222222
1,344,地址,0.8524629609311112
2,344,之後,0.6641537501611111
3,344,沒有,0.6641537501611111
4,344,儲存,0.6641537501611111
0,345,修好,1.3308157390442859
1,345,登入,0.8539119644928571
2,345,那邊,0.8539119644928571
3,345,什麼,0.8539119644928571
4,345,gmail,0.8539119644928571
0,346,包月費,1.19547675029
1,346,不斷,1.19547675029
2,346,上漲,1.19547675029
3,346,優惠,1.19547675029
4,346,越來越,1.19547675029
0,347,一個半,1.9924612504833332
1,347,小時,1.9924612504833332
2,347,結果,1.9924612504833332
3,347,自動,1.9924612504833332
4,347,訂單,1.9924612504833332
0,348,出現,0.9563814002319999
1,348,一個,0.9563814002319999
2,348,問題,0.9563814002319999
3,348,有夠,0.47819070011599996
4,348,誇張,0.47819070011599996
0,349,剛好,0.47819070011599996
1,349,對帳,0.47819070011599996
2,349,一千多塊,0.47819070011599996
3,349,什麼,0.47819070011599996
4,349,重複,0.47819070011599996
0,350,評分,1.1954767502900001
1,350,視窗,0.7969845001933333
2,350,開使,0.39849225009666667
3,350,沒有,0.39849225009666667
4,350,下載,0.39849225009666667
0,351,11,1.0867970457181817
1,351,下單,1.0867970457181817
2,351,12,1.0867970457181817
3,351,中午,0.6360845813081818
4,351,點初,0.5433985228590908
0,352,運費,2.39095350058
1,352,越來越,2.39095350058
2,352,點不,2.39095350058
3,352,真的,1.126748460874
4,352,下去,1.117708508866
0,353,一顆,5.97738375145
1,353,不值,4.79159476922
0,354,客服,0.5475517285338948
1,354,送錯,0.5033586317010526
2,354,外送,0.3775189737757894
3,354,外送員,0.3775189737757894
4,354,無法,0.3775189737757894
0,355,點進,1.3283075003222222
1,355,App,1.3283075003222222
2,355,顯示,1.3283075003222222
3,355,發生,1.3283075003222222
4,355,錯誤,1.3283075003222222
0,356,現在,2.988691875725
1,356,熊貓,2.988691875725
2,356,優惠,2.988691875725
3,356,比較,2.988691875725
0,357,Fast,3.9849225009666664
1,357,super,3.9849225009666664
2,357,efficient,3.9849225009666664
0,358,外送員,1.5939690003866667
1,358,餐點,0.7969845001933333
2,358,無法,0.7969845001933333
3,358,聯絡,0.7969845001933333
4,358,學學,0.7969845001933333
0,359,外送費,0.6291982896263157
1,359,是給,0.6291982896263157
2,359,外送員,0.6291982896263157
3,359,的話,0.6291982896263157
4,359,便當,0.6291982896263157
0,360,登入,1.1120713956186046
1,360,信箱,0.6764640720404651
2,360,問題,0.5560356978093023
3,360,系統,0.27801784890465114
4,360,帳號,0.27801784890465114
0,361,沒有,0.27801784890465114
1,361,顧客,0.27801784890465114
2,361,運費,0.27801784890465114
3,361,全關,0.18534523260310076
4,361,辦法,0.18534523260310076
0,362,熊貓,2.988691875725
1,362,優惠,2.988691875725
2,362,超市,1.9484136910575
3,362,根本,1.382532510225
0,363,延遲,0.9195975002230768
1,363,一個,0.9195975002230768
2,363,小時,0.9195975002230768
3,363,反應,0.9195975002230768
4,363,換來,0.9195975002230768
0,364,餐廳,0.9962306252416666
1,364,下單,0.74717296893125
2,364,訂單,0.4981153126208333
3,364,40,0.4981153126208333
4,364,分鐘,0.4981153126208333
0,365,訊息,1.9924612504833332
1,365,外送員,1.9924612504833332
2,365,一直,1.1391264830925
3,365,轉圈,0.9962306252416666
4,365,怎麼,0.9962306252416666
0,366,越來越,5.97738375145
1,366,刪除,5.97738375145
0,367,動不動,0.8539119644928571
1,367,延後,0.8539119644928571
2,367,送達,0.8539119644928571
3,367,時間,0.8539119644928571
4,367,一延,0.8539119644928571
0,368,四杯,4.2673551211000005
1,368,我連,3.9849225009666664
2,368,奶茶,3.4210304974
0,369,電話號碼,1.9924612504833332
1,369,一樣,0.9962306252416666
2,369,一個,0.9962306252416666
3,369,生鮮,0.4981153126208333
4,369,付現金,0.4981153126208333
0,370,方便,0.5478935385017392
1,370,對於,0.5197725001260869
2,370,我們,0.5197725001260869
3,370,這個,0.5197725001260869
4,370,有外,0.5197725001260869
0,371,趕快,5.97738375145
1,371,修好,4.657855086655
0,372,懷疑,1.3793962503346153
1,372,客服,0.6668899257784615
2,372,客人,0.5140949400215384
3,372,包裝,0.4597987501115384
4,372,明顯,0.4597987501115384
0,373,你們,1.9924612504833332
1,373,請問,0.6641537501611111
2,373,外送員,0.6641537501611111
3,373,素質,0.6641537501611111
4,373,怎樣,0.6641537501611111
0,374,客服,0.6668899257784615
1,374,有在爛,0.4597987501115384
2,374,pro,0.4597987501115384
3,374,會員,0.4597987501115384
4,374,沒收,0.4597987501115384
0,375,訂單,1.0246943573914284
1,375,客服,0.495403944864
2,375,傻傻的,0.37735801346857145
3,375,取消,0.3736744127428571
4,375,通知,0.34530343386514284
0,376,門口,0.7201667170421687
1,376,你們,0.7201667170421687
2,376,接觸,0.576133373633735
3,376,外送員,0.576133373633735
4,376,餐點,0.36008335852108436
0,377,無法,5.1234717869571424
1,377,pro,1.7078239289857142
2,377,權利,1.7078239289857142
3,377,解決問題,1.7078239289857142
4,377,使用,0.6451857061128571
0,378,結果,0.9962306252416666
1,378,同一時間,0.9962306252416666
2,378,顯示,0.9962306252416666
3,378,暫時,0.9962306252416666
4,378,關閉,0.9962306252416666
0,379,延遲,0.7712753227677419
1,379,餐點,0.38563766138387096
2,379,送達,0.38563766138387096
3,379,時間,0.38563766138387096
4,379,預期,0.38563766138387096
0,380,english,2.988691875725
1,380,translation,2.988691875725
2,380,thank,2.988691875725
3,380,..,2.988691875725
0,381,現在,5.97738375145
1,381,不好,2.835583266505
0,382,外送員,2.812886471270588
1,382,遇到,0.7259415125564705
2,382,審核,0.703221617817647
3,382,動不動,0.703221617817647
4,382,脾氣,0.703221617817647
0,383,我列,1.9924612504833332
1,383,缺點,1.9924612504833332
2,383,堪比,1.9924612504833332
3,383,字典,1.6086970683216668
4,383,厚度,1.2648238071366666
0,384,想點,1.4943459378625
1,384,暫時,1.4943459378625
2,384,關閉,1.4943459378625
3,384,沒有,1.4943459378625
4,384,是點,1.4943459378625
0,385,結論,5.97738375145
1,385,退訂,5.97738375145
0,386,服務態度,2.988691875725
1,386,品質,2.988691875725
2,386,優良,2.988691875725
3,386,非常,1.225820751585
0,387,速度快,8.53470163695
0,388,處理,2.1735940914363634
1,388,一顆,1.0867970457181817
2,388,傳送,1.0867970457181817
3,388,訊息,1.0867970457181817
4,388,請客,1.0867970457181817
0,389,建議,0.8539119644928571
1,389,轉單,0.8539119644928571
2,389,系統,0.8539119644928571
3,389,app,0.8539119644928571
4,389,願意,0.8539119644928571
0,390,同支,2.988691875725
1,390,電話號碼,2.988691875725
2,390,無法,2.988691875725
3,390,登入,2.988691875725
0,391,現代人,2.39095350058
1,391,好幫手,2.39095350058
2,391,忙碌,1.6108477753839998
3,391,方便,1.260155138554
4,391,快速,1.15137393504
0,392,退款,0.7968959338578947
1,392,帳戶,0.6291982896263157
2,392,問題,0.6291982896263157
3,392,這個,0.6291982896263157
4,392,客服,0.45629310711157894
0,393,方便,3.150387846385
1,393,快速,2.8784348376
0,394,體驗,5.97738375145
1,394,非常,2.45164150317
0,395,建議,1.7078239289857142
1,395,機制,1.7078239289857142
2,395,客訴,1.7078239289857142
3,395,流程,1.1093018229842857
4,395,方便,0.9001108132528571
0,396,沒有,0.7712753227677419
1,396,顆星,0.7712753227677419
2,396,sop,0.38563766138387096
3,396,外送,0.38563766138387096
4,396,素質,0.38563766138387096
0,397,處理,1.4943459378625
1,397,態度,1.4943459378625
2,397,極度,1.4943459378625
3,397,加強,1.4943459378625
4,397,爛到,1.4943459378625
0,398,好評,5.97738375145
1,398,五星,4.647753732995
0,399,好用,10.642581114
0,400,進去,1.9924612504833332
1,400,菜單,1.9924612504833332
2,400,無法,1.9924612504833332
3,400,開啟,1.9924612504833332
4,400,更新,1.10928935094
0,401,會員,0.8539119644928571
1,401,沒有,0.8539119644928571
2,401,無時無刻,0.42695598224642856
3,401,有沒有,0.42695598224642856
4,401,暫時,0.42695598224642856
0,402,送達,0.7319245409938775
1,402,無法,0.7319245409938775
2,402,時間,0.7319245409938775
3,402,預訂,0.48794969399591837
4,402,結果,0.48794969399591837
0,403,評價,1.1569129841516128
1,403,餐廳,0.7712753227677419
2,403,常常,0.3917318144767742
3,403,幾家,0.38563766138387096
4,403,只會,0.38563766138387096
0,404,錯誤,1.1385492859904762
1,404,客服,0.82567324144
2,404,退費,0.5692746429952381
3,404,問題,0.5692746429952381
4,404,進不去,0.5692746429952381
0,405,團購,0.5692746429952381
1,405,飲料,0.5692746429952381
2,405,帳號,0.5692746429952381
3,405,確認,0.5692746429952381
4,405,他們,0.28463732149761906
0,406,湯品,2.988691875725
1,406,擠壓,2.988691875725
2,406,有漏,2.988691875725
3,406,第一次,1.4275114927675
0,407,餓死,11.9547675029
0,408,同一個,1.9924612504833332
1,408,電話,1.9924612504833332
2,408,一個,1.9924612504833332
3,408,地址,1.2786944413966668
4,408,只能,0.8822130321116667
0,409,準確度,3.9849225009666664
1,409,越來越,3.9849225009666664
2,409,定位,2.3143934270333335
0,410,UberEAT,1.4943459378625
1,410,同樣,0.74717296893125
2,410,問題,0.74717296893125
3,410,罐頭,0.74717296893125
4,410,訊息,0.74717296893125
0,411,錯誤,1.9924612504833332
1,411,視窗,1.9924612504833332
2,411,無法,1.9924612504833332
3,411,訂餐,1.9924612504833332
4,411,跳出,1.40403568334
0,412,發生,1.2367000865068964
1,412,錯誤,1.2367000865068964
2,412,結帳,0.824466724337931
3,412,決定,0.4122333621689655
4,412,好要,0.4122333621689655
0,413,搜尋,0.46426281564660193
1,413,東西,0.34819711173495144
2,413,優惠,0.34819711173495144
3,413,午餐,0.2758211898969902
4,413,app,0.23213140782330097
0,414,辦法,1.3283075003222222
1,414,點餐,1.3283075003222222
2,414,進不了,1.3283075003222222
3,414,變成,1.3283075003222222
4,414,佔用,1.3283075003222222
0,415,期間,2.39095350058
1,415,美食,1.819331321448
2,415,疫情,1.6173094240299999
3,415,享受,1.283261801738
4,415,方法,0.993561006008
0,416,方便,3.150387846385
1,416,清楚,2.824767756445
0,417,餐點,0.5831593903853658
1,417,時候,0.5831593903853658
2,417,拿到,0.3493914710917073
3,417,熊貓,0.2915796951926829
4,417,爛是,0.2915796951926829
0,418,一顆,1.1385492859904762
1,418,平台,0.5946990938619048
2,418,公認,0.5692746429952381
3,418,爛的,0.5692746429952381
4,418,外送,0.5692746429952381
0,419,交通規則,1.9924612504833332
1,419,很難,1.9924612504833332
2,419,唸書,1.9924612504833332
3,419,低賤,1.9924612504833332
4,419,狗東西,1.9924612504833332
0,420,爛到,5.97738375145
1,420,沒話說,5.97738375145
0,421,什麼,0.9563814002319999
1,421,這麼,0.9563814002319999
2,421,app,0.9563814002319999
3,421,衝三小,0.47819070011599996
4,421,寄個,0.47819070011599996
0,422,飲料,0.45397851276835444
1,422,外送員,0.3026523418455696
2,422,接觸,0.3026523418455696
3,422,特別,0.3026523418455696
4,422,客服,0.21948276038278483
0,423,會員,1.8391950004461537
1,423,顯示,0.9195975002230768
2,423,關閉,0.9195975002230768
3,423,沒買,0.9195975002230768
4,423,手機,0.9195975002230768
0,424,店家,0.8761816159027273
1,424,你們,0.7245313638121211
2,424,點的餐,0.36226568190606057
3,424,直說,0.36226568190606057
4,424,準備,0.36226568190606057
0,425,客服,3.467827614048
1,425,申請,2.39095350058
2,425,這個,2.39095350058
3,425,回覆,2.20206117882
0,426,訂閱,1.0867970457181817
1,426,打開,1.0867970457181817
2,426,來看,1.0867970457181817
3,426,外送,1.0867970457181817
4,426,幾百間,1.0867970457181817
0,427,錯誤,2.988691875725
1,427,出現,1.4943459378625
2,427,什麼,1.4943459378625
3,427,情況,1.4943459378625
4,427,進去,1.4943459378625
0,428,確認,0.9195975002230768
1,428,下單,0.9195975002230768
2,428,登入,0.9195975002230768
3,428,帳戶,0.9195975002230768
4,428,發生,0.9195975002230768
0,429,外送員,1.1385492859904762
1,429,系統,0.8539119644928572
2,429,送達,0.8539119644928572
3,429,時間,0.8539119644928572
4,429,困擾,0.8539119644928572
0,430,外送員,0.8855383335481481
1,430,半小時,0.4427691667740741
2,430,訂單,0.4427691667740741
3,430,期間,0.4427691667740741
4,430,通電話,0.4427691667740741
0,431,沒有,1.1385492859904762
1,431,系統,1.1385492859904762
2,431,點擊,0.5692746429952381
3,431,餐點,0.5692746429952381
4,431,app,0.5692746429952381
0,432,輸入,1.5939690003866667
1,432,驗證碼,0.7969845001933333
2,432,一組,0.7969845001933333
3,432,兩次,0.7969845001933333
4,432,系統,0.7969845001933333
0,433,訂餐,0.74717296893125
1,433,還要,0.74717296893125
2,433,收外,0.74717296893125
3,433,送費,0.74717296893125
4,433,直說,0.74717296893125
0,435,外送員,1.406443235635294
1,435,餐點,0.703221617817647
2,435,浪費,0.703221617817647
3,435,素質,0.703221617817647
4,435,評價,0.703221617817647
0,436,一個,2.39095350058
1,436,餐點,2.39095350058
2,436,兩個,2.39095350058
3,436,小時,2.39095350058
4,436,還沒送,2.39095350058
0,437,我們,0.824466724337931
1,437,聯繫,0.824466724337931
2,437,休息時間,0.4122333621689655
3,437,小時,0.4122333621689655
4,437,結果,0.4122333621689655
0,438,app,5.97738375145
1,438,垃圾,3.99494050397
0,439,變成,1.19547675029
1,439,我訂,0.597738375145
2,439,一個,0.597738375145
3,439,麥當勞,0.597738375145
4,439,10.30,0.597738375145
0,440,服務,2.39095350058
1,440,很爛,2.39095350058
2,440,訂單,2.39095350058
3,440,延後,2.39095350058
4,440,一直,0.911301186474
0,441,打電話,1.4943459378625
1,441,Panda,1.4943459378625
2,441,顯示,1.4943459378625
3,441,感覺,1.4943459378625
4,441,pro,1.4943459378625
0,442,延遲,1.4943459378625
1,442,通知,0.50356750772
2,442,訂單,0.4981153126208333
3,442,沒有,0.4981153126208333
4,442,發現,0.4981153126208333
0,443,出餐,2.39095350058
1,443,整個,2.39095350058
2,443,延遲,2.39095350058
3,443,小時,2.39095350058
4,443,是否,1.048883682488
0,444,結果,0.6641537501611111
1,444,還有,0.6641537501611111
2,444,不爽,0.5687286669888889
3,444,一堆,0.42314130504999997
4,444,不然,0.4043300737794444
0,445,可笑,8.07173203437
0,446,爛透,1.4943459378625
1,446,那麼,1.4943459378625
2,446,多錢,1.4943459378625
3,446,系統,1.4943459378625
4,446,不會,1.4943459378625
0,447,沒有,0.39411321438131863
1,447,26,0.2627421429208791
2,447,23,0.2627421429208791
3,447,外送,0.2627421429208791
4,447,麥克,0.2627421429208791
0,448,時間,1.2583965792526315
1,448,訂餐,0.6291982896263157
2,448,預估,0.6291982896263157
3,448,還久,0.6291982896263157
4,448,晚個,0.6291982896263157
0,449,優惠,4.78190700116
1,449,用戶,2.39095350058
2,449,首購,2.39095350058
3,449,沒用到,2.39095350058
0,450,不錯,11.9547675029
0,451,什麼,0.9195975002230768
1,451,沒有,0.4597987501115384
2,451,接單,0.4597987501115384
3,451,不讓,0.4597987501115384
4,451,人馬,0.4597987501115384
0,453,21,0.824466724337931
1,453,結果,0.824466724337931
2,453,進去,0.824466724337931
3,453,00,0.4122333621689655
4,453,訂餐,0.4122333621689655
0,454,App,0.8539119644928571
1,454,難用,0.8539119644928571
2,454,系統,0.8539119644928571
3,454,問題,0.8539119644928571
4,454,只會,0.8539119644928571
0,455,小時,2.988691875725
1,455,誇張,2.988691875725
2,455,真的,1.4084355760925
3,455,可以,0.87627981304
0,456,訂單,0.6831295715942857
1,456,半下,0.34156478579714283
2,456,餐點,0.34156478579714283
3,456,遲遲,0.34156478579714283
4,456,預計,0.34156478579714283
0,457,然後,0.9563814002319999
1,457,pro,0.47819070011599996
2,457,訂餐,0.47819070011599996
3,457,帳號,0.47819070011599996
4,457,超爛,0.47819070011599996
0,458,優惠,1.4943459378625
1,458,外送,1.4943459378625
2,458,品質,1.4943459378625
3,458,核對,1.4943459378625
4,458,訂單,1.4943459378625
0,459,確診,1.3283075003222222
1,459,出門,1.3283075003222222
2,459,熊貓,1.3283075003222222
3,459,用線,1.3283075003222222
4,459,付錢,1.3283075003222222
0,460,買熱,2.39095350058
1,460,送過來,2.39095350058
2,460,變冷,2.39095350058
3,460,爛死,2.39095350058
4,460,是不是,1.170761628204
0,461,多點,1.4943459378625
1,461,還有,1.4943459378625
2,461,優質,1.4943459378625
3,461,餐廳,1.4943459378625
4,461,謝謝,1.4943459378625
0,462,資料,1.0867970457181817
1,462,驗證,1.0867970457181817
2,462,結果,0.5433985228590908
3,462,歷史,0.5433985228590908
4,462,訂單,0.5433985228590908
0,463,30,2.3909535005800002
1,463,時間,1.5939690003866667
2,463,預計,0.7969845001933333
3,463,送達,0.7969845001933333
4,463,這等,0.7969845001933333
0,464,爛透,3.9849225009666664
1,464,變超少,3.9849225009666664
2,464,素食,3.291775320413333
0,465,沒有,1.9924612504833332
1,465,免運,1.9924612504833332
2,465,優惠,1.9924612504833332
3,465,訂購,1.9924612504833332
4,465,很少,1.0358290984566667
0,466,外送員,0.703221617817647
1,466,取消,0.3846648366470588
2,466,單延,0.3516108089088235
3,466,兩個,0.3516108089088235
4,466,小時,0.3516108089088235
0,467,無用,1.0867970457181817
1,467,沒有,1.0867970457181817
2,467,一樣,1.0867970457181817
3,467,無法,1.0867970457181817
4,467,登入,1.0867970457181817
0,468,這樣,0.9195975002230768
1,468,生鮮,0.9195975002230768
2,468,購物車,0.9195975002230768
3,468,繼續,0.9195975002230768
4,468,訂外,0.9195975002230768
0,469,無法,0.9195975002230768
1,469,處理,0.9195975002230768
2,469,拖個,0.9195975002230768
3,469,後悔,0.9195975002230768
4,469,熊貓,0.9195975002230768
0,470,購買,2.988691875725
1,470,刺激,1.3432845421275
2,470,增加,1.143249696895
3,470,可以,0.87627981304
0,471,外送員,0.5692746429952381
1,471,有沒有,0.5692746429952381
2,471,訓練,0.5692746429952381
3,471,電話號碼,0.5692746429952381
4,471,打錯,0.5692746429952381
0,472,沒有,1.9924612504833332
1,472,外送員,1.9924612504833332
2,472,的話,1.9924612504833332
3,472,訂單,1.9924612504833332
4,472,敢不敢,1.6343888482916666
0,473,訂單,0.6641537501611111
1,473,發生,0.6641537501611111
2,473,錯誤,0.6641537501611111
3,473,天要,0.33207687508055556
4,473,東西,0.33207687508055556
0,474,很差,0.9368078158819999
1,474,消費,0.597738375145
2,474,訂單,0.597738375145
3,474,不會,0.597738375145
4,474,送餐,0.597738375145
0,475,熊貓,0.7712753227677419
1,475,店家,0.6218063080599999
2,475,包年,0.38563766138387096
3,475,沒多久,0.38563766138387096
4,475,暫時,0.38563766138387096
0,476,外送員,1.5939690003866667
1,476,小時,0.7969845001933333
2,476,聯絡,0.7969845001933333
3,476,只會,0.7969845001933333
4,476,結果,0.7969845001933333
0,477,結果,0.8855383335481481
1,477,麥當勞,0.4427691667740741
2,477,旁邊,0.4427691667740741
3,477,30,0.4427691667740741
4,477,單單,0.4427691667740741
0,478,明明,0.6731810663895652
1,478,收外,0.5197725001260869
2,478,送費,0.5197725001260869
3,478,品項,0.5197725001260869
4,478,單個,0.5197725001260869
0,479,沒有,1.1569129841516128
1,479,小時,0.7712753227677419
2,479,取消,0.421890466
3,479,餐點,0.38563766138387096
4,479,兩個,0.38563766138387096
0,480,系統,3.9849225009666664
1,480,超級,3.9849225009666664
2,480,穩定,3.9849225009666664
0,481,foodpanda,0.5313230001288889
1,481,然後,0.5313230001288889
2,481,沒有,0.5313230001288889
3,481,訂餐,0.5313230001288889
4,481,一直,0.30376706215800003
0,482,超久,11.9547675029
0,483,東西,1.7078239289857142
1,483,外送員,0.8539119644928571
2,483,接多單,0.8539119644928571
3,483,確認,0.8539119644928571
4,483,跟點,0.8539119644928571
0,484,好吃,8.0985592766
0,485,火鍋,0.9195975002230768
1,485,熊貓,0.9195975002230768
2,485,系統,0.4597987501115384
3,485,問題,0.4597987501115384
4,485,然後,0.4597987501115384
0,486,有時候,3.9849225009666664
1,486,很慢,3.0490291536233336
2,486,真的,1.8779141014566667
0,487,起來,5.97738375145
1,487,可以,1.75255962608
0,489,排到,1.640039106905
1,489,店名,1.0242699782916667
2,489,菜單,0.9962306252416666
3,489,價錢,0.9962306252416666
4,489,有夠,0.9962306252416666
0,490,接完,0.931455244823077
1,490,破爛,0.9195975002230768
2,490,app,0.9195975002230768
3,490,拜託,0.9195975002230768
4,490,別用,0.9195975002230768
0,491,帳號,1.0867970457181817
1,491,pro,0.5433985228590908
2,491,結果,0.5433985228590908
3,491,外帶,0.5433985228590908
4,491,還有,0.5433985228590908
0,492,謝謝你們,2.39095350058
1,492,中幫,2.39095350058
2,492,送餐,2.39095350058
3,492,大雨,1.674249712892
4,492,感激,1.490991566518
0,493,會員,1.0867970457181817
1,493,沒有,1.0867970457181817
2,493,一間,1.0867970457181817
3,493,還要,1.0867970457181817
4,493,這個,1.0867970457181817
0,494,結果,1.1954767502900001
1,494,分鐘,0.7969845001933333
2,494,不能,0.39901648344999996
3,494,點餐,0.39849225009666667
4,494,什麼,0.39849225009666667
0,495,點餐,1.4943459378625
1,495,進去,1.4943459378625
2,495,顯示,1.4943459378625
3,495,錯誤,1.4943459378625
4,495,團體,1.4943459378625
0,496,時間,0.6550557535835616
1,496,11,0.409409845989726
2,496,12,0.409409845989726
3,496,外送,0.3275278767917808
4,496,延長,0.3275278767917808
0,497,時間,1.406443235635294
1,497,下單,0.703221617817647
2,497,一個多,0.703221617817647
3,497,小時,0.703221617817647
4,497,到達,0.703221617817647
0,498,時候,2.39095350058
1,498,訂單,2.39095350058
2,498,何在,1.679883888286
3,498,重要,0.802592770712
4,498,不能,0.7980329668999999
0,499,火大,12.5143832909
0,500,餐點,0.9195975002230768
1,500,遲到,0.9195975002230768
2,500,小時,0.9195975002230768
3,500,訂單,0.9195975002230768
4,500,聯絡,0.9195975002230768
